{"train_losses": [0.9867564728285404, 0.982860672664135, 0.9761619184245455, 0.9145333421357135, 0.7546037426020237, 0.628096046599936, 0.5665123426216714, 0.5562268243508136, 0.5387834248707649, 0.5302270993273309, 0.521132045286767, 0.5139511719029001, 0.5074965552763736, 0.5015642660412383, 0.4949494449699179, 0.49217846212868993, 0.4878530313676976, 0.4846545787567788, 0.47909014608631745, 0.4764384947558667, 0.4738124686669796, 0.471507709552633, 0.46831293483363823, 0.4659059223659495, 0.4642943189816272, 0.46222959078372794, 0.458929198853513, 0.4551235905036013, 0.4524636170331468, 0.4504894492156962, 0.4493601238156887, 0.44718890082328877, 0.44502054345100484, 0.44347328137844166, 0.4427589517324529, 0.4412160354091766, 0.4401963622646129, 0.4379985833421667, 0.43637230009474653, 0.43405278597740415, 0.4326654653599922, 0.43189562983969426, 0.430430586984817, 0.4280065432824987, 0.42570675354688725, 0.42319571845074916, 0.4211402088403702, 0.42024496261109695, 0.4195083742763134, 0.4192925751843351, 0.41904480343169354, 0.4190385398712564, 0.4192461331791066, 0.41872529796463376, 0.4179387587182065, 0.4157869167467381, 0.4117332730204501, 0.4094851624141348, 0.4082000715301392, 0.40747899038994567, 0.4082332694150032, 0.40419748790086585, 0.40295899120417045, 0.40106833805429176, 0.3990673357818989, 0.3985986368770295, 0.3977315514645678, 0.3955279680642676, 0.39413174384451927, 0.39278216501499746, 0.39085044854498924, 0.39035845135754726, 0.3892689583466408, 0.38667037575802904, 0.3836539841078697, 0.3826522559244582, 0.3842394214044226, 0.38433155813749803, 0.3791623806699793, 0.37584197743141906, 0.3745244839724074, 0.37429894871534186, 0.37483853133434947, 0.37525375694670576, 0.3738703713455099, 0.37432342910386146, 0.379539614820734, 0.3745654469474833, 0.3733089209554043, 0.37339500559771316, 0.3720545340725716, 0.3713922365865809, 0.3734205828068104, 0.3761168846741636, 0.372058168370673, 0.3671001343333975, 0.3638277550009971, 0.3616090800533903, 0.35871149773927447, 0.3574373114933359], "test_losses": [0.9844543025607154, 0.9808571073744032, 0.9665938322506253, 0.8581288797514779, 0.6817921702823941, 0.591284139761849, 0.5866373105654641, 0.5576180375757671, 0.5613539985248021, 0.5444017071572561, 0.5353010713108002, 0.5300859988681854, 0.525856477873666, 0.5138180629601554, 0.5147135059038798, 0.514157246502619, 0.4996121180435968, 0.4966858024635012, 0.4887979867912474, 0.4856634386002071, 0.48314873614008463, 0.490202949633674, 0.49685669512975783, 0.5177598699690804, 0.5132584084594061, 0.48964901859798127, 0.4889989514199514, 0.496375650640518, 0.4962153075233338, 0.485128779259939, 0.4901738048545898, 0.5057735116708846, 0.5029562276507181, 0.5409653229372842, 0.497139504977635, 0.496094001191003, 0.4937064628752451, 0.48532242907418144, 0.47714135854963274, 0.47833480910649373, 0.4813251197338104, 0.4755052067930736, 0.47265863323968554, 0.47791408451776657, 0.4658791815477704, 0.464441017025993, 0.46098022375788006, 0.45932634529613314, 0.46114331436535666, 0.47361408528827487, 0.4906019095390562, 0.4989266707783654, 0.47454410791397095, 0.49118957491148085, 0.4748724074590774, 0.47591584778967355, 0.475488102152234, 0.46673281561760677, 0.46458653467042105, 0.4803164733780755, 0.4948327054107, 0.5028535733147274, 0.5190060829359388, 0.5589176123104398, 0.552061504787869, 0.49672747982872856, 0.4574470524750059, 0.4570429509594327, 0.4527927523567563, 0.4511224987014892, 0.4600276445585584, 0.45511973093426417, 0.45245564646191067, 0.4509178102016449, 0.46470171828118584, 0.47530623324333676, 0.47976882117135183, 0.4768393730360364, 0.4794641595984262, 0.47445650422383867, 0.4608468356586638, 0.4525265485521347, 0.45827949851278277, 0.46505241261588204, 0.5121939503957355, 0.5602088338798947, 0.537022979959609, 0.5075191382377867, 0.4865133738706982, 0.4745231341748011, 0.4700219030418093, 0.47031604912545943, 0.47051637797128587, 0.45478190599925933, 0.44593317877678645, 0.44983795947498745, 0.45219260170346215, 0.4548014634185367, 0.45690553245090304, 0.45699757242959643]}